category,model,url
direct-cool-refrigerator,Direct Cool Refrigerator,http://marcelbd.com/refrigerator-freezer/direct-cool-refrigerator
direct-cool-refrigerator,No Frost Refrigerator,http://marcelbd.com/refrigerator-freezer/no-frost-refrigerator
direct-cool-refrigerator,Freezer,http://marcelbd.com/refrigerator-freezer/freezer
direct-cool-refrigerator,Beverage Cooler,http://marcelbd.com/refrigerator-freezer/beverage-cooler
direct-cool-refrigerator,-Direct Cool Refrigerator,http://marcelbd.com/refrigerator-freezer/direct-cool-refrigerator
direct-cool-refrigerator,-No Frost Refrigerator,http://marcelbd.com/refrigerator-freezer/no-frost-refrigerator
direct-cool-refrigerator,-Freezer,http://marcelbd.com/refrigerator-freezer/freezer
direct-cool-refrigerator,-Beverage Cooler,http://marcelbd.com/refrigerator-freezer/beverage-cooler
direct-cool-refrigerator,MFC-C6E-GDEH-DD (Inverter),http://marcelbd.com/refrigerator-freezer/direct-cool-refrigerator/mfc-c6e-gdeh-dd-inverter
direct-cool-refrigerator,MFC-C6E-GDEL-XX,http://marcelbd.com/refrigerator-freezer/direct-cool-refrigerator/mfc-c6e-gdel-xx
direct-cool-refrigerator,MFC-C6E-GDEL-XX (Inverter),http://marcelbd.com/refrigerator-freezer/direct-cool-refrigerator/mfc-c6e-gdel-xx-inverter
direct-cool-refrigerator,MFC-C6E-GDNE-XX (Inverter),http://marcelbd.com/refrigerator-freezer/direct-cool-refrigerator/mfc-c6e-gdne-xx-inverter
direct-cool-refrigerator,MFC-C6E-GDXX-XX (Inverter),http://marcelbd.com/refrigerator-freezer/direct-cool-refrigerator/mfc-c6e-gdxx-inverter
direct-cool-refrigerator,MFC-C6E-I5-GEDE-FD (Inverter),http://marcelbd.com/refrigerator-freezer/direct-cool-refrigerator/mfc-c6e-i5-gede-fd-inverter
direct-cool-refrigerator,MFC-C6E-GDNE-XX,http://marcelbd.com/refrigerator-freezer/direct-cool-refrigerator/mfc-c6e-gdne-xx
direct-cool-refrigerator,MFC-C6E-NEXX-XX,http://marcelbd.com/refrigerator-freezer/direct-cool-refrigerator/mfc-c6e-nexx-xx
direct-cool-refrigerator,MFE-C5H-ELEX-XX,http://marcelbd.com/refrigerator-freezer/direct-cool-refrigerator/mfe-c5h-elex-xx
direct-cool-refrigerator,MFE-C5H-ELNX-XX,http://marcelbd.com/refrigerator-freezer/direct-cool-refrigerator/mfe-c5h-elnx-xx
direct-cool-refrigerator,MFE-C5H-GDEL-XX,http://marcelbd.com/refrigerator-freezer/direct-cool-refrigerator/mfe-c5h-gdel-xx
direct-cool-refrigerator,MFE-C5H-GDEN-DD (Inverter),http://marcelbd.com/refrigerator-freezer/direct-cool-refrigerator/mfe-c5h-gden-dd-inverter
direct-cool-refrigerator,MFE-C5H-GDXX-XX,http://marcelbd.com/refrigerator-freezer/direct-cool-refrigerator/mfe-c5h-gdxx-xx
direct-cool-refrigerator,MFC-C4H-GDEH-DD (Inverter),http://marcelbd.com/refrigerator-freezer/direct-cool-refrigerator/mfc-c4h-gdeh-dd-inverter
direct-cool-refrigerator,MFC-C4H-GDEL-XX (Inverter),http://marcelbd.com/refrigerator-freezer/direct-cool-refrigerator/mfc-c4h-gdel-xx
direct-cool-refrigerator,MFC-C4H-GDNE-XX,http://marcelbd.com/refrigerator-freezer/direct-cool-refrigerator/mfc-c4h-gdne-xx
direct-cool-refrigerator,MFC-C4H-GDXX-XX,http://marcelbd.com/refrigerator-freezer/direct-cool-refrigerator/mfc-c4h-gdxx-xx
direct-cool-refrigerator,MFC-C4H-GDXX-XX (Inverter),http://marcelbd.com/refrigerator-freezer/direct-cool-refrigerator/mfc-c4h-gdxx-xx-inverter
direct-cool-refrigerator,MFC-C4H-GJXB-FD (Inverter),http://marcelbd.com/refrigerator-freezer/direct-cool-refrigerator/mfc-c4h-gjxb-fd-inverter
direct-cool-refrigerator,MFK-C4G-GDEL-XX,http://marcelbd.com/refrigerator-freezer/direct-cool-refrigerator/mfk-c4g-gdel-xx

direct-cool-refrigerator,MFK-C4G-GDEL-XX (Inverter),http://marcelbd.com/refrigerator-freezer/direct-cool-refrigerator/mfk-c4g-gdel-xx-inverter
direct-cool-refrigerator,MFC-C4H-NEXX-XX,http://marcelbd.com/refrigerator-freezer/direct-cool-refrigerator/mfc-c4h-nexx
direct-cool-refrigerator,MFE-C3C-GDEN-DD (Inverter),http://marcelbd.com/refrigerator-freezer/direct-cool-refrigerator/mfe-c3c-gden-dd-inverter
direct-cool-refrigerator,MFE-C3C-GDEN-XX,http://marcelbd.com/refrigerator-freezer/direct-cool-refrigerator/mfe-c3c-gden-xx
direct-cool-refrigerator,MFE-C3C-GDXX-XX,http://marcelbd.com/refrigerator-freezer/direct-cool-refrigerator/mfe-c3c-gdxx-xx
direct-cool-refrigerator,MFE-C2X-CRXX-XX,http://marcelbd.com/refrigerator-freezer/direct-cool-refrigerator/mfe-c2x-crxx-xx
direct-cool-refrigerator,MFE-C2X-CRXX-XX (Inverter),http://marcelbd.com/refrigerator-freezer/direct-cool-refrigerator/mfe-c2x-crxx-xx-inverter
direct-cool-refrigerator,MFE-C2X-GDEL-XX,http://marcelbd.com/refrigerator-freezer/direct-cool-refrigerator/mfe-c2x-gdel-xx
direct-cool-refrigerator,MFE-C2X-GDEL-XX (Inverter),http://marcelbd.com/refrigerator-freezer/direct-cool-refrigerator/mfe-c2x-gdel-xx-inverter
direct-cool-refrigerator,MFE-C2X-GDEN-DD (Inverter),http://marcelbd.com/refrigerator-freezer/direct-cool-refrigerator/mfe-c2x-gden-dd-inverter
direct-cool-refrigerator,MFE-C2X-GDEN-XX,http://marcelbd.com/refrigerator-freezer/direct-cool-refrigerator/mfe-c2x-gden-xx
direct-cool-refrigerator,MFE-C2X-GDEN-XX (Inverter),http://marcelbd.com/refrigerator-freezer/direct-cool-refrigerator/mfe-c2x-gden-xx-inverter
direct-cool-refrigerator,MFE-C2X-GDXX-XX,http://marcelbd.com/refrigerator-freezer/direct-cool-refrigerator/mfe-c2x-gdxx
direct-cool-refrigerator,MFE-C2X-GDXX-XX (Inverter),http://marcelbd.com/refrigerator-freezer/direct-cool-refrigerator/mfe-c2x-gdxx-xx-inverter
direct-cool-refrigerator,MFC-C1G-ELEX-XX,http://marcelbd.com/refrigerator-freezer/direct-cool-refrigerator/mfc-c1g-elex-xx
direct-cool-refrigerator,MFC-C1G-GDNE-XX,http://marcelbd.com/refrigerator-freezer/direct-cool-refrigerator/mfc-c1g-gdne-xx
direct-cool-refrigerator,MFC-C1G-GDXX-XX,http://marcelbd.com/refrigerator-freezer/direct-cool-refrigerator/mfc-c1g-gdxx-xx
direct-cool-refrigerator,MFC-C1G-GDXX-XX (Inverter),http://marcelbd.com/refrigerator-freezer/direct-cool-refrigerator/mfc-c1g-gdxx-xx-inverter
direct-cool-refrigerator,MFC-C1G-NXXX-XX,http://marcelbd.com/refrigerator-freezer/direct-cool-refrigerator/mfc-c1g-nxxx-xx
direct-cool-refrigerator,MFC-C1B-CRXX-XX,http://marcelbd.com/refrigerator-freezer/direct-cool-refrigerator/mfc-c1b-crxx-xx
direct-cool-refrigerator,|<,http://marcelbd.com/refrigerator-freezer/direct-cool-refrigerator
direct-cool-refrigerator,<,http://marcelbd.com/refrigerator-freezer/direct-cool-refrigerator
direct-cool-refrigerator,1,http://marcelbd.com/refrigerator-freezer/direct-cool-refrigerator
direct-cool-refrigerator,>,http://marcelbd.com/refrigerator-freezer/direct-cool-refrigerator?page=3
direct-cool-refrigerator,MFE-C1B-ELNX-XX,http://marcelbd.com/refrigerator-freezer/direct-cool-refrigerator/mfe-c1b-elnx-xx
direct-cool-refrigerator,MFE-C1B-GDEL-XX,http://marcelbd.com/refrigerator-freezer/direct-cool-refrigerator/mfe-c1b-gdel-xx
direct-cool-refrigerator,MFE-C1B-GDEL-XX (Inverter),http://marcelbd.com/refrigerator-freezer/direct-cool-refrigerator/mfe-c1b-gdel-xx-inverter
direct-cool-refrigerator,MFE-C1B-GDEN-XX,http://marcelbd.com/refrigerator-freezer/direct-cool-refrigerator/mfe-c1b-gden-xx
direct-cool-refrigerator,MFE-C1B-GDEN-XX (Inverter),http://marcelbd.com/refrigerator-freezer/direct-cool-refrigerator/mfe-c1b-gden-xx-inverter
direct-cool-refrigerator,MFE-C1B-GDXX-XX,http://marcelbd.com/refrigerator-freezer/direct-cool-refrigerator/mfe-c1b-gdxx-xx
direct-cool-refrigerator,MFE-C1B-GDXX-XX (Inverter),http://marcelbd.com/refrigerator-freezer/direct-cool-refrigerator/mfe-c1b-gdxx-xx-inverter
direct-cool-refrigerator,MFE-C0N-GDEL-XX,http://marcelbd.com/refrigerator-freezer/direct-cool-refrigerator/mfe-c0n-gdel-xx
direct-cool-refrigerator,MFE-C0N-GDEL-XX (Inverter),http://marcelbd.com/refrigerator-freezer/direct-cool-refrigerator/mfe-c0n-gdel-xx-inverter
direct-cool-refrigerator,MFE-C0N-GDXX-XX,http://marcelbd.com/refrigerator-freezer/direct-cool-refrigerator/mfe-c0n-gdxx-xx
direct-cool-refrigerator,MFE-C0N-GDXX-XX (Inverter),http://marcelbd.com/refrigerator-freezer/direct-cool-refrigerator/mfe-c0n-gdxx-xx-inverter
direct-cool-refrigerator,MFC-C0G-ELXX-XX,http://marcelbd.com/refrigerator-freezer/direct-cool-refrigerator/mfc-c0g-elxx-xx
direct-cool-refrigerator,MFC-C0G-GDEH-DD (Inverter),http://marcelbd.com/refrigerator-freezer/direct-cool-refrigerator/mfc-c0g-gdeh-dd-inverter
direct-cool-refrigerator,MFC-C0G-GDXX-XX,http://marcelbd.com/refrigerator-freezer/direct-cool-refrigerator/mfc-c0g-gdxx-xx
direct-cool-refrigerator,MFC-C0G-GDXX-XX (Inverter),http://marcelbd.com/refrigerator-freezer/direct-cool-refrigerator?product_id=1976
direct-cool-refrigerator,MFC-C0G-NEXX-XX,http://marcelbd.com/refrigerator-freezer/direct-cool-refrigerator/mfc-c0g-nexx-xx
direct-cool-refrigerator,MFE-C0N-ELNX-XX,http://marcelbd.com/refrigerator-freezer/direct-cool-refrigerator/mfe-c0n-elnx-xx
direct-cool-refrigerator,MFE-B9E-CRXX-XX,http://marcelbd.com/refrigerator-freezer/direct-cool-refrigerator/mfe-b9e-crxx-xx
direct-cool-refrigerator,MFE-B9E-CRXX-XX (Inverter),http://marcelbd.com/refrigerator-freezer/direct-cool-refrigerator/mfe-b9e-crxx-xx-inverter
direct-cool-refrigerator,MFE-B9E-ELNX-XX,http://marcelbd.com/refrigerator-freezer/direct-cool-refrigerator/mfe-b9e-elnx-xx
direct-cool-refrigerator,<,http://marcelbd.com/refrigerator-freezer/direct-cool-refrigerator?page=2
direct-cool-refrigerator,>,http://marcelbd.com/refrigerator-freezer/direct-cool-refrigerator?page=4
direct-cool-refrigerator,MFE-B9E-GDEL-XX (Inverter),http://marcelbd.com/refrigerator-freezer/direct-cool-refrigerator/mfe-b9e-gdel-xx-inverter
direct-cool-refrigerator,MFE-B9E-GDEN-XX,http://marcelbd.com/refrigerator-freezer/direct-cool-refrigerator/mfe-b9e-gden-xx
direct-cool-refrigerator,MFE-B9E-GDEN-XX (Inverter),http://marcelbd.com/refrigerator-freezer/direct-cool-refrigerator/mfe-b9e-gden-xx-inverter
direct-cool-refrigerator,MFE-B9E-GDXX-XX,http://marcelbd.com/refrigerator-freezer/direct-cool-refrigerator/mfe-b9e-gdxx-xx1
direct-cool-refrigerator,MFE-B9E-GDXX-XX (Inverter),http://marcelbd.com/refrigerator-freezer/direct-cool-refrigerator/mfe-b9e-gdxx-xx-inverter
direct-cool-refrigerator,MFE-B8B-CRXX-XX,http://marcelbd.com/refrigerator-freezer/direct-cool-refrigerator/mfe-b8b-crxx
direct-cool-refrigerator,MFE-B8B-CRXX-XX (Inverter),http://marcelbd.com/refrigerator-freezer/direct-cool-refrigerator/mfe-b8b-crxx-inverter
direct-cool-refrigerator,MFE-B8B-GDEL-XX,http://marcelbd.com/refrigerator-freezer/direct-cool-refrigerator/mfe-b8b-gdel-xx
direct-cool-refrigerator,MFE-B8B-GDEL-XX (Inverter),http://marcelbd.com/refrigerator-freezer/direct-cool-refrigerator/mfe-b8b-gdel-xx-inverter
direct-cool-refrigerator,MFE-B8B-GDEN-DD (Inverter),http://marcelbd.com/refrigerator-freezer/direct-cool-refrigerator/mfe-b8b-gden-dd-inverter
direct-cool-refrigerator,MFE-B8B-GDEN-XX,http://marcelbd.com/refrigerator-freezer/direct-cool-refrigerator/mfe-b8b-gden-xx
direct-cool-refrigerator,MFE-B8B-GDEN-XX (Inverter),http://marcelbd.com/refrigerator-freezer/direct-cool-refrigerator/mfe-b8b-gden-xx-inverter
direct-cool-refrigerator,MFE-B8B-GDXX-XX,http://marcelbd.com/refrigerator-freezer/direct-cool-refrigerator/mfe-b8b-gdxx
direct-cool-refrigerator,MFE-B8B-GDXX-XX (Inverter),http://marcelbd.com/refrigerator-freezer/direct-cool-refrigerator/mfe-b8b-gdxx-inverter
direct-cool-refrigerator,MFB-B5D-ELXX-XX,http://marcelbd.com/refrigerator-freezer/direct-cool-refrigerator/mfb-b5d-elxx-xx
direct-cool-refrigerator,MFB-B5D-GAXB-WD (Inverter),http://marcelbd.com/refrigerator-freezer/direct-cool-refrigerator/mfb-b5d-gaxb-wd-inverter
direct-cool-refrigerator,MFB-B5D-GDEH-SC (Inverter),http://marcelbd.com/refrigerator-freezer/direct-cool-refrigerator/mfb-b5d-gdeh-sc-inverter
direct-cool-refrigerator,MFB-B5D-GDEH-XX (Inverter),http://marcelbd.com/refrigerator-freezer/direct-cool-refrigerator/mfb-b5d-gdeh-xx-inverter
direct-cool-refrigerator,MFB-B5D-GDEL-SC (Inverter),http://marcelbd.com/refrigerator-freezer/direct-cool-refrigerator/mfb-b5d-gdel-sc-inverter
direct-cool-refrigerator,MFB-B5D-GDEL-XX,http://marcelbd.com/refrigerator-freezer/direct-cool-refrigerator/mfb-b5d-gdel-xx
direct-cool-refrigerator,<,http://marcelbd.com/refrigerator-freezer/direct-cool-refrigerator?page=3
direct-cool-refrigerator,>,http://marcelbd.com/refrigerator-freezer/direct-cool-refrigerator?page=5
direct-cool-refrigerator,MFB-B5D-GDSH-XX,http://marcelbd.com/refrigerator-freezer/direct-cool-refrigerator/mfb-b5d-gdsh-xx
direct-cool-refrigerator,MFB-B5D-GDSH-XX (Inverter),http://marcelbd.com/refrigerator-freezer/direct-cool-refrigerator?product_id=1769
direct-cool-refrigerator,MFB-B5D-GDXX-XX,http://marcelbd.com/refrigerator-freezer/direct-cool-refrigerator/mfb-b5d-gdxx-xx
direct-cool-refrigerator,MFB-B5D-GDXX-XX (Inverter),http://marcelbd.com/refrigerator-freezer/direct-cool-refrigerator?product_id=1767
direct-cool-refrigerator,MFB-B5X-GDEH-SC (Inverter),http://marcelbd.com/refrigerator-freezer/direct-cool-refrigerator/mfb-b5x-gdeh-sc-inverter
direct-cool-refrigerator,MFB-B5X-GDEH-XX,http://marcelbd.com/refrigerator-freezer/direct-cool-refrigerator/mfb-b5x-gdeh-xx
direct-cool-refrigerator,MFB-B5X-GDEH-XX (Inverter),http://marcelbd.com/refrigerator-freezer/direct-cool-refrigerator/mfb-b5x-gdeh-xx-inverter
direct-cool-refrigerator,MFB-B5X-GDEL-SC,http://marcelbd.com/refrigerator-freezer/direct-cool-refrigerator/mfb-b5x-gdel-sc
direct-cool-refrigerator,MFB-B5X-GDEL-SC (Inverter),http://marcelbd.com/refrigerator-freezer/direct-cool-refrigerator/mfb-b5x-gdel-sc-inverter
direct-cool-refrigerator,MFB-B5X-GDEL-XX,http://marcelbd.com/refrigerator-freezer/direct-cool-refrigerator/mfb-b5x-gdel-xx
direct-cool-refrigerator,MFB-B5X-GDEL-XX (Inverter),http://marcelbd.com/refrigerator-freezer/direct-cool-refrigerator/mfb-b5x-gdel-xx-inverter
direct-cool-refrigerator,MFB-B5X-GDSH-XX,http://marcelbd.com/refrigerator-freezer/direct-cool-refrigerator/mfb-b5x-gdsh-xx
direct-cool-refrigerator,MFB-B5X-GDSH-XX (Inverter),http://marcelbd.com/refrigerator-freezer/direct-cool-refrigerator/mfb-b5x-gdsh-xx-inverter
direct-cool-refrigerator,MFB-B5X-GDXX-XX,http://marcelbd.com/refrigerator-freezer/direct-cool-refrigerator/mfb-b5x-gdxx-xx
direct-cool-refrigerator,MFB-B5X-GDXX-XX (Inverter),http://marcelbd.com/refrigerator-freezer/direct-cool-refrigerator/mfb-b5x-gdxx-xx-inverter
direct-cool-refrigerator,MFA-B4D-GDEH-XX,http://marcelbd.com/refrigerator-freezer/direct-cool-refrigerator/mfa-b4d-gdeh-xx
direct-cool-refrigerator,MFA-B4D-GDEL-XX,http://marcelbd.com/refrigerator-freezer/direct-cool-refrigerator/mfa-b4d-gdel-xx
direct-cool-refrigerator,MFA-B4D-GDXX-XX,http://marcelbd.com/refrigerator-freezer/direct-cool-refrigerator/mfa-b4d-gdxx-xx
direct-cool-refrigerator,MFA-B4D-GEBR-XX,http://marcelbd.com/refrigerator-freezer/direct-cool-refrigerator/mfa-b4d-gebr-xx
direct-cool-refrigerator,MFA-B4D-GERB-XX,http://marcelbd.com/refrigerator-freezer/direct-cool-refrigerator/mfa-b4d-gerb-xx
direct-cool-refrigerator,<,http://marcelbd.com/refrigerator-freezer/direct-cool-refrigerator?page=4
direct-cool-refrigerator,1,http://marcelbd.com/refrigerator-freezer/direct-cool-refrigerator?page=1
direct-cool-refrigerator,>,http://marcelbd.com/refrigerator-freezer/direct-cool-refrigerator?page=6
direct-cool-refrigerator,MFA-B4D-NEXX-XX,http://marcelbd.com/refrigerator-freezer/direct-cool-refrigerator/mfa-b4d-nexx-xx
direct-cool-refrigerator,MFA-B4D-RLXX-XX,http://marcelbd.com/refrigerator-freezer/direct-cool-refrigerator/mfa-b4d-rlxx-xx
direct-cool-refrigerator,MFA-B4D-RXXX-RP,http://marcelbd.com/refrigerator-freezer/direct-cool-refrigerator/mfa-b4d-rxxx-rp
direct-cool-refrigerator,MFB-B2F-ELXX-XX,http://marcelbd.com/refrigerator-freezer/direct-cool-refrigerator/mfb-b2f-elxx-xx
direct-cool-refrigerator,MFB-B2F-GDEH-SC (Inverter),http://marcelbd.com/refrigerator-freezer/direct-cool-refrigerator/mfb-b2f-gdeh-sc-inverter
direct-cool-refrigerator,MFB-B2F-GDEH-XX,http://marcelbd.com/refrigerator-freezer/direct-cool-refrigerator/mfb-b2f-gdeh-xx
direct-cool-refrigerator,MFB-B2F-GDEL-SC,http://marcelbd.com/refrigerator-freezer/direct-cool-refrigerator?product_id=1527
direct-cool-refrigerator,MFB-B2F-GDEL-SC (Inverter),http://marcelbd.com/refrigerator-freezer/direct-cool-refrigerator/mfb-b2f-gdel-sc-inverter
direct-cool-refrigerator,MFB-B2F-GDEL-XX,http://marcelbd.com/refrigerator-freezer/direct-cool-refrigerator/mfb-b2f-gdel-xx
direct-cool-refrigerator,MFB-B2F-GDXX-XX,http://marcelbd.com/refrigerator-freezer/direct-cool-refrigerator/mfb-b2f-gdxx-xx
direct-cool-refrigerator,MFB-B2F-RNXX-RP,http://marcelbd.com/refrigerator-freezer/direct-cool-refrigerator/mfb-b2f-rnxx-rp
direct-cool-refrigerator,MFB-B2C-GDSH-XX,http://marcelbd.com/refrigerator-freezer/direct-cool-refrigerator/mfb-b2c-gdsh-xx
direct-cool-refrigerator,MFA-B2X-GDEL-XX,http://marcelbd.com/refrigerator-freezer/direct-cool-refrigerator/mfa-b2x-gdel-xx
direct-cool-refrigerator,MFA-B2X-GDXX-XX,http://marcelbd.com/refrigerator-freezer/direct-cool-refrigerator/mfa-b2x-gdxx-xx
direct-cool-refrigerator,MFA-B2X-RXXX-XX,http://marcelbd.com/refrigerator-freezer/direct-cool-refrigerator/mfa-b2x-rxxx-xx
direct-cool-refrigerator,MFB-B1H-GDEL-XX,http://marcelbd.com/refrigerator-freezer/direct-cool-refrigerator/mfb-b1h-gdel-xx
direct-cool-refrigerator,MFB-B1H-GDXX-XX,http://marcelbd.com/refrigerator-freezer/direct-cool-refrigerator?product_id=1503
direct-cool-refrigerator,MFB-B0A-ELXX-XX,http://marcelbd.com/refrigerator-freezer/direct-cool-refrigerator/mfb-b0a-elxx-xx
direct-cool-refrigerator,MFB-B0A-RNXX-RP,http://marcelbd.com/refrigerator-freezer/direct-cool-refrigerator/mfb-b0a-rnxx-rp
direct-cool-refrigerator,MFA-2A3-ELXX-XX,http://marcelbd.com/refrigerator-freezer/direct-cool-refrigerator/mfa-2a3-elxx-xx
direct-cool-refrigerator,<,http://marcelbd.com/refrigerator-freezer/direct-cool-refrigerator?page=5
direct-cool-refrigerator,>,http://marcelbd.com/refrigerator-freezer/direct-cool-refrigerator?page=7
direct-cool-refrigerator,MFA-2A3-GDEH-XX,http://marcelbd.com/refrigerator-freezer/direct-cool-refrigerator/mfa-2a3-gdeh-xx
direct-cool-refrigerator,MFA-2A3-GDEL-SC,http://marcelbd.com/refrigerator-freezer/direct-cool-refrigerator/mfa-2a3-gdel-sc
direct-cool-refrigerator,MFA-2A3-GDEL-XX,http://marcelbd.com/refrigerator-freezer/direct-cool-refrigerator/mfa-2a3-gdel-xx
direct-cool-refrigerator,MFA-2A3-GDSH-XX,http://marcelbd.com/refrigerator-freezer/direct-cool-refrigerator/mfa-2a3-gdsh-xx
direct-cool-refrigerator,MFA-2A3-GDXX-XX,http://marcelbd.com/refrigerator-freezer/direct-cool-refrigerator/mfa-2a3-gdxx-xx
direct-cool-refrigerator,MFA-2A3-GERB-XX,http://marcelbd.com/refrigerator-freezer/direct-cool-refrigerator/mfa-2a3-gerb-xx
direct-cool-refrigerator,MFA-2A3-NEXX-XX,http://marcelbd.com/refrigerator-freezer/direct-cool-refrigerator/mfa-2a3-nexx-xx
direct-cool-refrigerator,MFA-2A3-RLXX-XX,http://marcelbd.com/refrigerator-freezer/direct-cool-refrigerator/mfa-2a3-rlxx-xx
direct-cool-refrigerator,MFA-A9C-GDXX-XX,http://marcelbd.com/refrigerator-freezer/direct-cool-refrigerator/mfa-a9c-gdxx-xx
direct-cool-refrigerator,MNM-B1G-GDEL-XX,http://marcelbd.com/refrigerator-freezer/direct-cool-refrigerator/mnm-b1g-0102-gdel-xx
direct-cool-refrigerator,MFB-B0A-GDEL-XX,http://marcelbd.com/refrigerator-freezer/direct-cool-refrigerator?product_id=1507
direct-cool-refrigerator,MFB-B0A-GDSH-XX,http://marcelbd.com/refrigerator-freezer/direct-cool-refrigerator/mfb-b0a-gdsh-xx
direct-cool-refrigerator,MFB-B0A-GDXX-XX,http://marcelbd.com/refrigerator-freezer/direct-cool-refrigerator/mfb-b0a-gdxx-xx
direct-cool-refrigerator,MFA-A9C-ELEX-XX,http://marcelbd.com/refrigerator-freezer/direct-cool-refrigerator/mfa-a9c-elex-xx
direct-cool-refrigerator,MFA-A9C-GDSH-XX,http://marcelbd.com/refrigerator-freezer/direct-cool-refrigerator/mfa-a9c-gdsh-xx
direct-cool-refrigerator,MFB-A8E-ELXX-XX,http://marcelbd.com/refrigerator-freezer/direct-cool-refrigerator/mfb-a8e-elxx-xx
direct-cool-refrigerator,MFB-A8E-GDEL-XX,http://marcelbd.com/refrigerator-freezer/direct-cool-refrigerator/mfb-a8e-gdel-xx
direct-cool-refrigerator,MFB-A8E-GDSH-XX,http://marcelbd.com/refrigerator-freezer/direct-cool-refrigerator/mfb-a8e-gdsh-xx
direct-cool-refrigerator,MFB-A8E-GDXX-XX,http://marcelbd.com/refrigerator-freezer/direct-cool-refrigerator/mfb-a8e-gdxx-xx
direct-cool-refrigerator,MFB-A8E-RNXX-RP,http://marcelbd.com/refrigerator-freezer/direct-cool-refrigerator/mfb-a8e-rnxx-rp
direct-cool-refrigerator,<,http://marcelbd.com/refrigerator-freezer/direct-cool-refrigerator?page=6
direct-cool-refrigerator,>,http://marcelbd.com/refrigerator-freezer/direct-cool-refrigerator?page=8
direct-cool-refrigerator,MFB-A7G-GDSH-XX,http://marcelbd.com/refrigerator-freezer/direct-cool-refrigerator?product_id=1500
direct-cool-refrigerator,MFD-A6C-GDEL-SC (Inverter),http://marcelbd.com/refrigerator-freezer/direct-cool-refrigerator/mfd-a6c-gdel-sc-inverter
direct-cool-refrigerator,MFD-A6C-GDEL-XX,http://marcelbd.com/refrigerator-freezer/direct-cool-refrigerator/mfd-a6c-gdel-xx
direct-cool-refrigerator,MFD-A4D-GDEH-XX,http://marcelbd.com/refrigerator-freezer/direct-cool-refrigerator?product_id=1518
direct-cool-refrigerator,MFD-A4D-GDEL-XX,http://marcelbd.com/refrigerator-freezer/direct-cool-refrigerator/mfd-a4d-gdel
direct-cool-refrigerator,MFD-A5X-GDEL-XX,http://marcelbd.com/refrigerator-freezer/direct-cool-refrigerator/mfd-a5x-gdel-xx
direct-cool-refrigerator,MFD-1B6-GDEH-XX,http://marcelbd.com/refrigerator-freezer/direct-cool-refrigerator?product_id=1487
direct-cool-refrigerator,MFD-1B6-GDEL-PC,http://marcelbd.com/refrigerator-freezer/direct-cool-refrigerator/mfd-1b6-gdel-pc
direct-cool-refrigerator,MFD-1B6-GDEL-XX,http://marcelbd.com/refrigerator-freezer/direct-cool-refrigerator/mfd-1b6-gdel-xx
direct-cool-refrigerator,MFD-1B6-RDXX-XX,http://marcelbd.com/refrigerator-freezer/direct-cool-refrigerator/mfd-1b6-rdxx-xx
direct-cool-refrigerator,MFD-1B6-RXXX-XX,http://marcelbd.com/refrigerator-freezer/direct-cool-refrigerator/mfd-1b6-rxxx-xx
direct-cool-refrigerator,MFO-A0A-RXXX-XX,http://marcelbd.com/refrigerator-freezer/direct-cool-refrigerator/mfo-a0a-rxxx-xx
direct-cool-refrigerator,MFO-A1E-RXXX-XX,http://marcelbd.com/refrigerator-freezer/direct-cool-refrigerator/mfo-1a5-0101-rxxx-xx
direct-cool-refrigerator,MFS-T9C-C2SR-VB,http://marcelbd.com/refrigerator-freezer/direct-cool-refrigerator/mfs-t9c-c2sr-vb
direct-cool-refrigerator,MFO-JET-RXXX-XX,http://marcelbd.com/refrigerator-freezer/direct-cool-refrigerator/mfo-jet-rxxx-xx
direct-cool-refrigerator,MFD-A4D-GDSH-XX,http://marcelbd.com/refrigerator-freezer/direct-cool-refrigerator/mfd-a4d-gdsh-xx
direct-cool-refrigerator,MFD-A7X-GDEH-XX,http://marcelbd.com/refrigerator-freezer/direct-cool-refrigerator/mfd-a7x-gdeh-xx
direct-cool-refrigerator,MFD-A7X-GDEL-XX,http://marcelbd.com/refrigerator-freezer/direct-cool-refrigerator/mfd-a7x-gdel-xx
direct-cool-refrigerator,MFD-A7X-GDSH-XX,http://marcelbd.com/refrigerator-freezer/direct-cool-refrigerator/mfd-a7x-gdsh-xx
direct-cool-refrigerator,MFD-1B6-GDSH-XX,http://marcelbd.com/refrigerator-freezer/direct-cool-refrigerator/mfd-1b6-gdsh-xx
direct-cool-refrigerator,<,http://marcelbd.com/refrigerator-freezer/direct-cool-refrigerator?page=7
direct-cool-refrigerator,>,http://marcelbd.com/refrigerator-freezer/direct-cool-refrigerator?page=9
direct-cool-refrigerator,MFE-C1B-GDEN-DD,http://marcelbd.com/refrigerator-freezer/direct-cool-refrigerator/mfe-c1b-gden-dd
direct-cool-refrigerator,MFB-A7G-GDXX-XX,http://marcelbd.com/refrigerator-freezer/direct-cool-refrigerator/mfb-a7g-gdxx-xx
direct-cool-refrigerator,MFA-A9C-GDES-XX,http://marcelbd.com/refrigerator-freezer/direct-cool-refrigerator/mfa-a9c-gdes-xx
direct-cool-refrigerator,MFB-B2C-GDEH-SC (Inverter),http://marcelbd.com/refrigerator-freezer/direct-cool-refrigerator/mfb-b2c-gdeh-sc-inverter
direct-cool-refrigerator,MFB-B2C-GDEH-XX,http://marcelbd.com/refrigerator-freezer/direct-cool-refrigerator/mfb-b2c-gdeh-xx
direct-cool-refrigerator,MFB-B2C-GDEL-SC (Inverter),http://marcelbd.com/refrigerator-freezer/direct-cool-refrigerator/mfb-b2c-gdel-sc-inverter
direct-cool-refrigerator,MFB-B2C-GDEL-XX,http://marcelbd.com/refrigerator-freezer/direct-cool-refrigerator/mfb-b2c-gdel-xx
direct-cool-refrigerator,MFB-B2C-GDXX-XX,http://marcelbd.com/refrigerator-freezer/direct-cool-refrigerator/mfb-b2c-gdxx-xx
direct-cool-refrigerator,MFE-C5H-GDEN-XX,http://marcelbd.com/refrigerator-freezer/direct-cool-refrigerator/mfe-c5h-gden-xx
direct-cool-refrigerator,MFD-A6C-RXXX-XX,http://marcelbd.com/refrigerator-freezer/direct-cool-refrigerator/mfd-a6c-rxxx-xx
direct-cool-refrigerator,MFD-A4D-RXXX-XX,http://marcelbd.com/refrigerator-freezer/direct-cool-refrigerator/mfd-a4d-rxxx-xx
direct-cool-refrigerator,<,http://marcelbd.com/refrigerator-freezer/direct-cool-refrigerator?page=8
no-frost-refrigerator,MNM-B1G-RXXX-RP,http://marcelbd.com/refrigerator-freezer/no-frost-refrigerator/mnm-b1g-rxxx-rp
no-frost-refrigerator,MNI-F1N-GDNE-DD,http://marcelbd.com/refrigerator-freezer/no-frost-refrigerator/mni-f1n-gdne-dd
no-frost-refrigerator,MNI-F1N-GDNE-WD,http://marcelbd.com/refrigerator-freezer/no-frost-refrigerator/mni-f1n-gdne-wd
no-frost-refrigerator,MNI-E6C-GDEL-DD,http://marcelbd.com/refrigerator-freezer/no-frost-refrigerator/mni-e6c-gdel-dd
no-frost-refrigerator,MNI-E6C-GDNE-DD,http://marcelbd.com/refrigerator-freezer/no-frost-refrigerator/mni-e6c-gdne-dd
no-frost-refrigerator,MNH-D3X-GDEL-XX (Inverter),http://marcelbd.com/refrigerator-freezer/no-frost-refrigerator/mnh-d3x-gdel-xx
no-frost-refrigerator,MNH-D3X-HDXX-XX (inverter),http://marcelbd.com/refrigerator-freezer/no-frost-refrigerator/mnh-d3x-hdxx-xx
no-frost-refrigerator,MNH-C8F-GDEL-XX (Inverter),http://marcelbd.com/refrigerator-freezer/no-frost-refrigerator/mnh-c8f-gdel-xx-inverter
beverage-cooler,MBQ-D4X-TDXX-XX,http://marcelbd.com/refrigerator-freezer/beverage-cooler/mbq-d4x-tdxx-xx
beverage-cooler,MBA-B6X-GCXB-XX,http://marcelbd.com/refrigerator-freezer/beverage-cooler/mba-b6x-gcxb-xx
beverage-cooler,MBB-B6X-TDXX-XX,http://marcelbd.com/refrigerator-freezer/beverage-cooler/mbb-b6x-tdxx-xx
freezer,MCG-C0T-DDGE-XX,http://marcelbd.com/refrigerator-freezer/freezer?product_id=1506
freezer,MCF-B0E-GDEL-GX,http://marcelbd.com/refrigerator-freezer/freezer/mcf-b0e-gdel-gx
freezer,MCF-B0E-GDEL-XX,http://marcelbd.com/refrigerator-freezer/freezer/mcf-b0e-gdel-xx
freezer,MCF-B0E-RRLX-GX,http://marcelbd.com/refrigerator-freezer/freezer?product_id=1537
freezer,MCF-B0E-RRLX-XX,http://marcelbd.com/refrigerator-freezer/freezer/mcf-b0e-rrlx-xx
freezer,MCG-B5E-EHLC-XX,http://marcelbd.com/refrigerator-freezer/freezer/mcg-b5e-ehlc-xx
freezer,MCG-B5E-EHLX-XX,http://marcelbd.com/refrigerator-freezer/freezer/mcg-b5e-ehlx-xx
freezer,MCG-B5E-GDEL-XX,http://marcelbd.com/refrigerator-freezer/freezer/mcg-b5e-gdel-xx
freezer,MCG-B5E-GDEL-XX (Inverter),http://marcelbd.com/refrigerator-freezer/freezer/mcg-b5e-gdel-xx-inverter
freezer,MCG-B7T-CGXX-XX,http://marcelbd.com/refrigerator-freezer/freezer/mcg-b7t-cgxx-xx
freezer,MCG-C0T-DDGE-XX (Inverter),http://marcelbd.com/refrigerator-freezer/freezer/mcg-c0t-ddge-xx-inverter
freezer,MCG-C0T-GDDB-XX (Inverter),http://marcelbd.com/refrigerator-freezer/freezer/mcg-c0t-gddb-xx-inverter
freezer,MCG-C0T-RXLX-XX,http://marcelbd.com/refrigerator-freezer/freezer?product_id=1505
freezer,MCF-A2E-GDEL-XX,http://marcelbd.com/refrigerator-freezer/freezer?product_id=1509
freezer,MCF-A4E-GDEL-LX,http://marcelbd.com/refrigerator-freezer/freezer/mcf-a4e-gdel-lx
freezer,MCF-A4E-GDEL-XX,http://marcelbd.com/refrigerator-freezer/freezer/mcf-a4e-gdel-xx
freezer,MCF-A4E-GELE-DL,http://marcelbd.com/refrigerator-freezer/freezer/mcf-a4e-gele-dl
freezer,MCF-A4E-RRXX-XX,http://marcelbd.com/refrigerator-freezer/freezer/mcf-a4e-rrxx-xx
